--нужно соблюдать порядок
INSERT INTO public.auther_books (auther_id, name_auther)
VALUES (1 , 'Пушкин Александр' )
       ,(2 , 'Джоан Роулинг')
       ,(3 , 'Стивен Кинг' )
       ,(4 , 'Лермантов Михаил')
       ,(5 , 'Маргарет Митчелл')
       ,(6 , 'Толстой Лев')
       ,(7 , 'Артур Конан Дойл');
      
 ---------------------------департаменты+     
insert into  public.department(department_id, name, address)
VALUES 
(1,'Выдача книг первый 1 отдел', 'Новосибирск ул. Маркса дом 10/1')
,(2,'Выдача книг первый 2 отдел', 'Новосибирск ул. Маркса дом 10/1')
,(3,'Выдача книг первый 3 отдел', 'Новосибирск ул. Маркса дом 10/2');

-------издательства+
insert into public.publishers(publisher_id, title, city)
VALUES (1, 'АСТ', 'Москва')
       ,(2, 'Аквилегия-М', 'Владимир')
       ,(3, 'РОСЭМ', 'Москва')
       ,(4, 'Перо', 'Санкт-Петербург');

------------------------сотрудники библиотеки
insert into public.employee (employee_id, FIO, phone_number, department_id)
VALUES (1,'Ши Анна Ивановна','89039035555',1)
       ,(2,'Карапузова Вероника Петровна', '89049900000', 1)
       ,(3,'Перунов Сергей Сергеевич', '89239232323', 2 )
       ,(4,'Гетман Ольга Владимировна', '', 3 )
       ,(5,'Петухов Григорий Андреевич', '89119557474', 3);
--книги
insert into public.books (books_id, book_title, connect_id,year_of_publishng, pages, total_of_books, price, publisher_id )
VALUES  (1 ,'Руслан и Людмила',1 , '2010-11-01', 96, 3, 1390, 1)
       ,(2 ,'Пиковая дама',2 , '2011-10-29', 150, 4, 1500, 2)
       ,(3 ,'Гарри Поттер и фосософский камень',3 ,'1999-01-22', 475, 2, 1850, 3)
       ,(4 ,'Гарри Поттер и тайная комната',4 ,'2002-03-10', 520, 12, 2500, 3  )
       ,(5 ,'Гарри Поттер и узник Азкабан',5 ,'2004-06-01', 550, 1, 2350, 4)
       ,(6 ,'Сияние', 6, '2012-05-11', 290, 1, 2100, 4 )
       ,(7 ,'Мизари', 7, '2013-05-12', 350, 3, 1100, 4 )
       ,(8 ,'Зелёная миля', 8, '2015-04-21', 400, 2, 3500, 2)
       ,(9 ,'Герой нашего времени', 9, '2022-05-07', 210, 2, 815, 1 )
       ,(10 ,'Мцыри', 10, '2023-07-23', 270, 1, 874, 2)
       ,(11 ,'Унесенные ветром. Первый том', 11, '2014-05-14', 301, 3, 1001, 4)
       ,(12 ,'Война и Мир', 12, '2018-12-01',  545, 5, 3100, 1)
       ,(13 ,'Анна Каренина', 13, '2021-11-07', 370, 1, 910, 2)
       ,(14 ,'Шерлок Холмс. Первый сборник', 14, '2003-01-01', 900, 2, 4500, 3)
       ,(15 ,'Шерлок Холмс. Второй сборник', 15, '2020-01-01', 300, 2, 1110, 3);

--------Читатели
insert into public.readers(reader_id, birthday, FIO, address, phone_number, email)
VALUES 
        (1, '1992-06-29', 'Цукенберг Маркус Сергеевич', 'Новосибирск ул. Мира дом 26 кв 74', '89169161616','1247@gmail.com'),
        (2, '1985-11-11', 'Иванов Петр Иванович', 'Новосибирск ул. Мира дом 26 кв 100', '89011111111','brobro12@gmail.com')
       ,(3, '1995-01-05', 'Игнатьев Грирогий Иванович', 'Новосибирск ул. Маркса дом 2 кв 1', '89008004545','ignat1995@gmail.com')
       ,(4, '1998-12-21', 'Бабанин Олег Владимирович', 'Новосибирск ул. Петухова дом 147 кв 8', '89119999906','Greig789@gmail.com')
       ,(5, '1992-11-11', 'Петров Петр петрович', 'Новосибирск ул. Ленина дом 1 кв 53', '89010101101','Penrt1333@mail.ru')
       ,(6, '1954-01-29', 'Чехов Иван Сергеевич', 'Новосибирск ул. Ленина дом 33 кв 54', '89169161111','Renat903@mail.ru')
       ,(7, '2000-02-14', 'Сидорова Евгения Ивановна', 'Новосибирск ул. Маркса дом 226 кв 274', '89100001111','1247@mail.ru')
       ,(8, '1995-11-23', 'Сидоркина Анастасия Владимировна', 'Новосибирск ул. Виктора Уса дом 22 кв 56', '89169161616','1247@yandex.ru')
       ,(9, '1998-12-02', 'Чернова Катерина Олеговна', 'Новосибирск ул. Мира дом 31 кв 144', '8900000001','Chernova98@gmail.com')
       ,(10, '1955-09-16', 'Старк Арья Батьковна', 'Новосибирск ул. Крановщиков дом 1 кв 94', '89777778787','koloneva55@yandex.ru')
       ,(11, '1932-10-08', 'Марк Инга Викторна', 'Новосибирск ул. Маркса дом 6 кв 4', '89169161616','1932INga@gmail.com')
   
       ,(11, '1932-10-08', 'Воланд Игорь Иванович', 'Новосибирск ул. Маркса дом 6 кв 4', '89011011111', '12an@gmail.com')
       ,(12, '2001-01-24', 'Иванчук Елена Николаевна','Новосибирск ул. Маркса дом 126 кв 24', '8012552', '20010124ivan@gmail.com')
       ,(13, '2010-07-12', 'Григорьев Серифим Александрович','Новосибирск ул. Маркса дом 129 кв 4','89019017777','128787777@gmail.com');      

--связи Книг и Авторов
insert into public.books_connect(connect_id, books_id, auther_id) 
VALUES (1, 1, 1)
       ,(2, 2, 1)
       ,(3, 3, 2)
       ,(4, 4, 2)
       ,(5, 5, 2)
       ,(6, 6, 3)
       ,(7, 7, 3)
       ,(8, 8, 3)
       ,(9, 9, 4)
       ,(10, 10, 4)
       ,(11, 11, 5)
       ,(12, 12, 6)
       ,(13, 13, 6)
       ,(14, 14, 7)
       ,(15, 15, 7) ;
      
--------операции по книгам (аренда)
insert into public.rent_books(rent_id, reader_id, books_id, employee_id, start_date, end_date, return_flag)
VALUES 
(1, 1, 1, 1, '2023-04-06', '2023-04-15', 'Y' )
,(2, 11, 5, 1, '2022-11-24', null,'N') --
,(3, 10, 13, 2, '2023-05-31','2023-06-18','Y')
,(4, 2, 14, 3, '2023-05-30','2023-06-10','Y')
,(5, 2, 10, 3, '2023-05-30',null,'N')
,(6, 3, 6, 2, '2023-03-20',null,'N')
,(7, 4, 2, 5, '2023-02-27','2023-03-04','Y')
,(8, 5, 12, 4, '2023-02-25','2023-03-09','Y')
,(9, 6, 11, 4, '2023-01-31','2023-02-05','Y')
,(10, 6, 15, 2, '2023-02-05',null,'N')
,(11, 7, 4, 1, '2023-04-06','2023-04-10','Y')
,(12, 8, 11, 1, '2023-03-06','2023-03-15','Y')
,(13, 9, 4, 5, '2023-02-28','2023-03-05','Y')
,(14, 10, 3, 4, '2023-01-30','2023-02-10','Y')
,(15, 11, 4, 3, '2023-05-31','2023-06-11','Y')
,(16, 12, 5, 2, '2023-03-21',null,'N')
,(17, 13, 1, 4, '2023-06-11','2023-06-18','Y')
,(18, 1, 7, 3, '2023-05-11','2023-05-17','Y')
,(19, 10, 9, 2, '2023-03-31',null,'N')
,(20, 4, 12, 4, '2023-04-19','2023-04-23','Y');

/*------Авторы
insert into public.auther_books (auther_id, name_auther)
VALUES (1 , 'Пушкин Александр' )
       (2 , 'Джоан Роулинг')
       (3 , 'Стивен Кинг' )
       (4 , 'Лермантов Михаил')
       (5 , 'Маргарет Митчелл')
       (6 , 'Толстой Лев')
       (7 , 'Артур Конан Дойл')

--связи Книг и Авторов
insert into public.books_connect(connect_id, books_id, auther_id) 
VALUES (1, 1, 1 )
       (2, 2, 1 )
       (3, 3, 2 )
       (4, 4, 2 )
       (5, 5, 2 )
       (6, 6, 3 )
       (7, 7, 3 )
       (8, 8, 3 )
       (9, 9, 4 )
       (10, 10, 4 )
       (11, 11, 5 )
       (12, 12, 6 )
       (13, 13, 6 )
       (14, 14, 7 )
       (15, 15, 7 )
      
--книги
insert into public.books (books_id, book_title, connect_id,year_of_publishng, pages, total_of_books, price, id_publisher )
VALUES (1 ,'Руслан и Людмила',1 , '2010-11-01', 96, 3, 1390, 1)
       (2 ,'Пиковая дама',2 , '2011-10-29', 150, 4, 1500, 2)
       (3 ,'Гарри Поттер и фосософский камень',3 ,'1999-01-22', 475, 2, 1850, 3)
       (4 ,'Гарри Поттер и тайная комната',4 ,'2002-03-10', 520, 12, 2500, 3  )
       (5 ,'Гарри Поттер и узник Азкабан',5 ,'2004-06-01', 550, 1, 2350, 4)
       (6 ,'Сияние', 6, '2012-05-11', 290, 1, 2100, 4 )
       (7 ,'Мизари', 7, '2013-05-12', 350, 3, 1100, 4 )
       (8 ,'Зелёная миля', 8, '2015-04-21', 400, 2, 3500, 2)
       (9 ,'Герой нашего времени', 9, '2022-05-07', 210, 2, 815, 1 )
       (10 ,'Мцыри', 10, '2023-07-23', 270, 1, 874, 2)
       (11 ,'Унесенные ветром. Первый том', 11, '2014-05-14', 301, 3, 1001, 4)
       (12 ,'Война и Мир', 12, '2018-12-01',  545, 5, 3100, 1)
       (13 ,'Анна Каренина', 13, '2021-11-07', 370, 1, 910, 2)
       (14 ,'Шерлок Холмс. Первый сборник', 14, '2003-01-01', 900, 2, 4500, 3)
       (15 ,'Шерлок Холмс. Второй сборник', 15, '2020-01-01', 300, 2, 1110, 3)


-------издательства
insert into public.publishers(publisher_id, title, city)
VALUES (1, 'АСТ', 'Москва')
       (2, 'Аквилегия-М', 'Владимир')
       (3, 'РОСЭМ', 'Москва')
       (4, 'Перо', 'Санкт-Петербург')




--------Читатели
insert into public.readers(reader_id, birthday, FIO, address, phone_number, email)
VALUES (1, '1992-06-29', 'Цукенберг Маркус Сергеевич', 'Новосибирск ул. Мира дом 26 кв 74', '89169161616','1247@gmail.com')
       (2, '1985-11-11', 'Иванов Петр Иванович', 'Новосибирск ул. Мира дом 26 кв 100', '89011111111','brobro12@gmail.com')
       (3, '1995-01-05', 'Игнатьев Грирогий Иванович', 'Новосибирск ул. Маркса дом 2 кв 1', '89008004545','ignat1995@gmail.com')
       (4, '1998-12-21', 'Бабанин Олег Владимирович', 'Новосибирск ул. Петухова дом 147 кв 8', '89119999906','Greig789@gmail.com')
       (5, '1992-11-11', 'Петров Петр петрович', 'Новосибирск ул. Ленина дом 1 кв 53', '89010101101','Penrt1333@mail.ru')
       (6, '1954-01-29', 'Чехов Иван Сергеевич', 'Новосибирск ул. Ленина дом 33 кв 54', '89169161111','Renat903@mail.ru')
       (7, '2000-02-14', 'Сидорова Евгения Ивановна', 'Новосибирск ул. Маркса дом 226 кв 274', '89100001111','1247@mail.ru')
       (8, '1995-11-23', 'Сидоркина Анастасия Владимировна', 'Новосибирск ул. Виктора Уса дом 22 кв 56', '89169161616','1247@yandex.ru')
       (9, '1998-12-02', 'Чернова Катерина Олеговна', 'Новосибирск ул. Мира дом 31 кв 144', '8900000001','Chernova98@gmail.com')
       (10, '1955-09-16', 'Старк Арья Батьковна', 'Новосибирск ул. Крановщиков дом 1 кв 94', '89777778787','koloneva55@yandex.ru')
       (11, '1932-10-08', 'Марк Инга Викторна', 'Новосибирск ул. Маркса дом 6 кв 4', '89169161616','1932INga@gmail.com')
--3 еще с данными не полными
       (11, '1932-10-08', 'Воланд Игорь Иванович', 'Новосибирск ул. Маркса дом 6 кв 4', '89011011111','')
       (12, '2001-01-24', 'Иванчук Елена Николаевна','Новосибирск ул. Маркса дом 126 кв 24', '', '20010124ivan@gmail.com')
       (13, '2010-07-12', 'Григорьев Серифим Александрович','Новосибирск ул. Маркса дом 129 кв 4','89019017777','')



--------операции по книгам (аренда)
insert into public.rent_books(rent_id, reader_id, books_id, employee_id, start_date, end_date, return_flag)
VALUES (1, 1, 1, 1, '2023-04-06', '2023-04-15', 'Y' )
       (2, 11, 5, 1, '2022-11-24', '','N')
       (3, 10, 13, 2, '2023-05-31','2023-06-18','Y')
       (4, 2, 14, 3, '2023-05-30','2023-06-10','Y')
       (5, 2, 10, 3, '2023-05-30','','N')
       (6, 3, 6, 2, '2023-03-20','','N')
       (7, 4, 2, 5, '2023-02-27','2023-03-04','Y')
       (8, 5, 12, 4, '2023-02-25','2023-03-09','Y')
       (9, 6, 11, 4, '2023-01-31','2023-02-05','Y')
       (10, 6, 15, 2, '2023-02-05','','N')
---------------------------------------------------------- Y вернули N не вернули
       (11, 7, 4, 1, '2023-04-06','2023-04-10','Y')
       (12, 8, 11, 1, '2023-03-06','2023-03-15','Y')
       (13, 9, 4, 5, '2023-02-28','2023-03-05','Y')
       (14, 10, 3, 4, '2023-01-30','2023-02-10','Y')
       (15, 11, 4, 3, '2023-05-31','2023-06-11','Y')
       (16, 12, 5, 2, '2023-03-21','','N')
       (17, 13, 1, 4, '2023-06-11','2023-06-18','Y')
       (18, 1, 7, 3, '2023-05-11','2023-05-17','Y')
       (19, 10, 9, 2, '2023-03-31','','N')
       (20, 4, 12, 4, '2023-04-19','2023-04-23','Y')


       ----------------

------------------------сотрудники библиотеки
insert into public.employee ( employee_id, FIO, phone_number, department_id )
VALUES (1,'Ши Анна Ивановна', '89039035555', 1 )
       (2,'Карапузова Вероника Петровна', '89049900000', 1)
       (3,'Перунов Сергей Сергеевич', '89239232323', 2 )
       (4,'Гетман Ольга Владимировна', '', 3 )
       (5,'Петухов Григорий Андреевич', '89119557474', 3 )



---------------------------департаменты


insert into  public.department (department_id, name, address )
VALUES (1,'Выдача книг первый 1 отдел', 'Новосибирск ул. Маркса дом 10/1')
       (2,'Выдача книг первый 2 отдел', 'Новосибирск ул. Маркса дом 10/1')
       (3,'Выдача книг первый 3 отдел', 'Новосибирск ул. Маркса дом 10/2')*/